"microRNAs","Lib1","Lib2","Lib3","Lib4","Lib5","Lib6","Lib7","Lib8","Lib9","Lib10","Total"
GGCCUACAUCGAGUCCGU,11,13,2,5,26,8,1,11,3,16,96
CAAGAGGAUGAAGACAUGCA,11,10,1,6,1,1,15,0,0,0,45
UAUCUAUUUUGGAACGUAGGG,10,7,2,1,0,0,2,1,1,0,24
UGAGAAGGUAGAUCAUAAUAGC,266,435,107,107,164,231,219,180,97,114,1920
CCUUUUGAGCCGUUUAUUAA,0,2,0,0,0,0,0,4,17,0,23
UGUUCUUUCCUUGCUUGGG,37,18,2,4,9,24,11,4,0,1,110
CAGUGAGAGGAGACAAUGU,464,695,44,222,21,36,452,39,48,41,2062
UCCCAUAAUAUAAGAACGUUU,3,10,1,2,1,17,9,0,0,0,43
AAUCAAAACUUGGUGGGCC,2,0,0,0,5,0,3,0,15,0,25
UGCUGAAAUGGCUGGAAAG,1,10,1,1,4,1,3,4,1,3,29
UUGGUCGAGCUACAGGCGG,0,5,0,1,38,3,0,23,7,28,105
UCGUGUGUCGGCUUGGAUU,5,3,1,0,0,10,1,2,0,3,25
AUUAUCUAUUUUGGAACGGAG,28,12,4,24,10,16,22,4,1,6,127
GGUUAAGAGUUCCUGAGU,4,11,0,10,27,11,4,31,24,48,170
GUUGUCGCUGAUUGAGUAU,1,2,0,0,8,2,1,11,1,2,28
ACUGUCAGAGAGACAUAUGU,125,242,18,38,3,132,86,7,15,2,668
UAUCUCUCAAUCUGAUAG,16,7,0,12,11,7,0,4,18,1,76
CUCCGUUCCAAAAUACUUGAC,16,34,3,19,14,20,0,5,5,7,123
ACCAAAGUUCCUGUUUCG,32,26,3,61,5,20,29,2,7,3,188
GGAGCAUGAUUCAACCAAUUG,883,1609,322,575,261,1097,772,432,533,342,6826
AAGGGUGCUGAGAAAACUUUGAAUCUGACAC,1,1,0,0,1,1,0,17,24,28,73
GAUUUGCGUACAGUUCAGA,1,0,1,0,0,0,0,0,10,0,12
UUGACGACCUAGGGGUACGCGCAC,9,15,5,1,3,19,9,7,3,0,71
AAGUGCAUCCCAACAGUUG,17,7,1,14,5,9,4,0,0,0,57
ACACUAGUAGAAAUUGGAU,1,1,0,1,0,0,0,0,14,1,18
AUCUUUGAGCCCCAUUUGUUU,1,11,0,3,4,6,14,12,7,11,69
CCUUGUGGUCGUGGGCCU,4,2,0,15,156,2,4,9,1,2,195
CCCCUCCUUUUGGAGAAA,0,1,0,2,10,0,0,1,11,2,27
GUAGGUUGGACGAUGCUAU,285,227,32,249,115,368,242,30,20,59,1627
GCUGUGCUUUCAGCAAGA,6,37,2,52,98,5,13,137,33,156,539
GAGCUGGCCAAGGCGACUGAA,32,11,3,17,8,29,28,0,1,4,133
GUUGAUUGGAACCUGACGG,28,6,1,17,4,17,10,0,0,0,83
CCUCAGUUUUUUCUUUUC,1,0,0,13,98,0,1,0,5,0,118
AGCCAUGCAUGUGUGGAUG,0,5,0,3,6,0,1,13,23,20,71
UUAUAUUAUGGGACAGAAGGA,7,7,1,5,0,2,12,0,0,0,34
UUGUAGAACCUGUUCAUGG,0,1,0,1,1,0,0,2,23,1,29
AAGCCAGGAAGAACUAGAACAA,0,0,0,0,0,2,0,21,20,41,84
AAGGUUACACUAAGUGGGU,0,1,0,6,16,0,0,7,13,5,48
GCGGGGUGAAGAAGUGGU,63,10,4,47,44,26,18,1,2,1,216
UUUGUGCUGAGAGCUGUGU,18,1,0,25,15,30,0,0,3,3,95
CCCGAAUCAACUACAAAAU,3,9,1,4,6,2,1,6,30,4,66
GACAGUGUCAUCAGUCUGG,0,0,0,1,0,1,0,1,10,1,14
CAACACAAUCCUCUUGUACUA,0,12,2,0,0,2,7,1,0,2,26
UGACAGGAAAGCCUGUGGA,16,21,6,11,1,23,11,2,4,4,99
AUAUUUGUAGGAGCUUAGA,1,1,0,1,6,0,0,5,1,15,30
UUCAUGUUCUUUUAGUUGGAA,46,54,10,47,0,43,36,2,0,2,240
UCAUGUUCUCGUAUUUUUC,2,1,2,6,19,2,2,1,1,2,38
GCACAUCCAUGCCCAAGCUCU,35,17,1,19,12,62,14,2,10,24,196
UGACAGAAUGAGACAGACUG,4,12,1,2,0,4,10,0,0,1,34
CCGUCCCAAAUUAGUUGUCUU,9,14,5,11,4,11,15,5,2,3,79
GGGUCCGGGGGCCGUGGAUUU,0,12,1,4,3,1,5,3,0,1,30
CGACUUCCCCUGGGGGUAGGG,39,142,29,286,24,168,164,6,2,9,869
ACUAGGCAGCACAUUAUACGUCAA,10,2,5,1,1,6,4,3,0,0,32
GCCGUCUCGAUCUCUAUUG,0,2,0,3,5,1,1,14,1,0,27
GUGAGUGUUCAUAGGGGUGAGUGU,24,8,3,1,7,16,4,1,3,2,69
GUGCUGUAUACAUAUUAAA,3,2,1,3,5,0,2,15,35,16,82
AGAAUCUCAGCAGCAUAUGA,15,73,94,93,0,50,24,0,1,0,350
GGUUGUCUUUUAGUACAGG,13,11,1,14,9,10,3,0,1,0,62
AGCAUGUUUUUAGAAGAUUAGA,417,502,277,227,439,265,205,556,559,324,3771
GAGUCCUUGAUCUUGAUCGUACAC,8,5,5,1,1,10,7,2,2,3,44
UCCACUCGGAUGGGUUGAU,3,13,2,13,21,1,4,48,15,34,154
CUUCCGAGUCUGCUGCCU,4,9,1,16,16,7,7,0,3,13,76
UGGUACGCUGAGUUUCUGCGA,23,5,15,24,9,13,1,0,0,0,90
UAUUGGGGUCCAGUAGACA,2,0,0,1,1,0,0,0,10,0,14
UUGCUCCGUAUGUAGUCACUUGUU,30,19,4,1,1,30,14,8,3,4,114
UGUAAACUAAUAUAAGAGCAU,0,3,0,1,0,11,0,0,0,0,15
UGCACUCCACUCUCUCCG,23,0,1,23,13,8,14,0,0,2,84
AUGAAGAUGUUGCUAAGAC,0,0,0,3,10,0,0,1,7,0,21
UCAGACAUAUUCAGUUUGGGUG,29,10,1,2,6,27,16,0,4,2,97
AGACAAGUAUUUAGGAACGGA,14,10,1,3,7,12,9,4,3,1,64
UUGUGAACUUUCUUGAAAAU,1,3,0,1,2,13,5,2,0,0,27
GAGCUCAUGCUCUUGCGU,0,1,1,0,1,0,1,1,13,0,18
UUCUGAACUGUACGCACUG,1,0,0,4,21,0,0,2,7,1,36
CUGAUACAAGACUGGGUGU,17,22,1,34,0,11,33,0,0,0,118
GUCACUCCUCUCCAUCCAC,1511,4795,227,1422,166,2113,2876,266,275,209,13860
UGGGUACUAUCGCAAGUUU,1,4,0,1,17,2,4,9,7,9,54
AAACGCUCUUAUAUUAUGGGA,87,111,2,12,16,174,45,0,0,0,447
CCCUCCGUUCCAAAAUAGAUG,100,147,21,39,54,21,83,14,15,32,526
GAAUCAUUGUGCUCCUGAU,13,7,3,5,6,9,2,1,0,0,46
UUGGGUCUUACAAGGUCAAGA,3,273,55,194,57,192,66,96,10,55,1001
AUCCAAAGGGAUCGCAUUGU,9,3,3,23,0,6,5,0,0,0,49
ACAUGACAGCGCAAUGCUUGA,66,55,22,53,31,71,50,42,44,20,454
AGUUCUGUCAACAUUGUUUUG,58,42,9,25,21,12,28,1,0,4,200
UUGCUUGCUUGCUAGAAC,21,8,0,10,1,14,11,0,0,0,65
UUUGCUUCGUAUGUAGUCACUUGU,4,6,6,2,3,14,11,3,7,3,59
AUAUUAUUUUUACGAUUU,0,1,0,0,18,0,0,2,1,1,23
UCCCCGGCAGUAGCAUUG,12,13,1,18,11,2,2,0,0,2,61
AAGCUGGAUCAAUACAAGC,9,26,7,21,0,10,9,0,0,0,82
GCGAGUAUUGAUCCAGCUU,147,208,11,157,1,132,128,1,1,0,786
UGUGUGGUUUGCAUGAAAG,29,32,13,36,39,2,0,13,15,15,194
CAGAGGGAAGUCAUGAUCU,1,7,0,0,12,3,1,9,4,3,40
UUGUCUGCUGCUGGAGUUCU,1,6,21,4,0,1,3,0,0,0,36
GUGGCGUGCUAUCAGUGGGA,0,10,0,1,1,0,2,46,14,4,78
CAUCAGUCUCUGGAGUGGU,24,33,1,6,1,27,20,1,2,1,116
UCGCUUGUCGGCUUGGAUU,8,2,1,4,4,13,1,1,1,2,37
AGUUUGAUCAGGGAAACUACU,3,0,1,0,0,1,16,0,0,0,21
GUAGAUUCACUCAUUUUGCUUCGU,14,0,3,4,0,14,9,3,2,2,51
AGGCUUGUUGGCAGUUCGGA,0,0,0,4,12,1,1,7,9,8,42
AGUGAAGUGCUUGUAAGGAAC,0,15,0,3,0,0,0,0,0,0,18
CGUGCAAGUGAUGUCAAA,0,4,1,1,21,1,0,11,57,9,105
ACUGUCUUAGAGAUGAUACA,42,119,5,20,3,49,61,6,7,2,314
AUAGGAGAUGCUUAGAGGGGUGCU,0,3,2,0,1,11,8,0,0,0,25
UGAUGGACGACGGGACAA,31,32,3,50,59,5,25,103,45,59,412
CCUUAAAAAGCUUGAUGG,28,0,3,87,0,28,39,1,0,0,186
CUUGUAAGAUGGAAGUCAC,3,29,1,15,98,9,6,83,27,46,317
UGGGCCAUGGUGAGAUUGG,14,31,0,8,0,2,19,1,0,0,75
UGGAGCUCGAGUGCUUUU,8,23,0,7,40,10,9,207,55,98,457
AGGUAGUAACAUAGACUAGUAACA,17,7,10,6,2,18,15,11,9,8,103
AGUACAGACACAAGCGCUCAUACA,11,4,7,3,3,13,6,1,2,2,52
AGGUUAAAGAUGAUUUAA,0,3,1,2,5,0,1,3,19,5,39
GCUCUUAUAUUAGUUUACAGA,2,27,5,18,6,16,10,5,0,3,92
GGAGAGAUGGCUGAGUGGG,10,5,1,0,0,6,5,10,1,8,46
UGUGUGGAGAACGAAAAAG,1,1,2,4,16,1,1,0,1,2,29
GCCUUGAAGACUUUGGCCACGUC,9,31,22,7,18,9,15,101,112,129,453
CCACUGUGAUUCUGAAUU,0,0,0,0,20,0,0,6,0,2,28
AAGGGCAAGCAUGGGUUG,35,9,0,20,8,35,14,3,0,2,126
AUGCGGCUGCUGGAGCUCU,7,14,23,6,1,6,9,1,1,0,68
CAGGGUCUAAUGUUUGGUGUU,78,6,33,55,13,88,61,4,3,2,343
AGGUGCGAGUGGUACGGGU,17,7,0,8,7,6,7,2,2,0,56
GCUAGCUUCAAUUGAUGAC,4,11,1,5,0,4,6,0,1,2,34
GUCAUUUAUCUUGGAACGGAG,3,11,2,8,2,9,1,0,0,4,40
AUUUUGCUGAUACAUUGGC,5,5,1,3,15,5,1,11,9,6,61
GUUCAGAUUGUUACUGGA,3,3,1,6,24,2,2,13,9,9,72
UUGUCAUAUAUGUAUUGA,12,81,6,11,26,0,18,10,13,190,367
GGUUCACUACUUUAUGAGU,0,0,1,4,24,1,0,5,3,5,43
GUUCUGUUUGCUAUUAGG,10,2,0,9,0,2,5,0,0,0,28
CCAAUGGCCCAUACAUUGA,17,13,0,4,0,0,0,0,0,0,34
AUGGGUCGUGAGUGGGAACU,4,1,0,3,0,3,12,0,0,0,23
AGCUGAAACUUGACUCACC,2,1,0,5,4,1,0,1,11,0,25
GUCAUCUAUUUUAGAACGGAG,1,10,1,1,0,1,0,0,1,2,17
GGGUAUCUGUUGCUGAGGC,0,15,0,3,0,0,5,0,0,0,23
UGAGGGAACUUUUGUUGGA,1,0,0,5,29,0,0,5,1,1,42
GUAGAUAGGAGAAGACAGA,122,128,10,26,5,119,100,5,3,14,532
UGGUUUGAUUUCGGUCAUG,2,1,0,0,2,0,1,5,13,4,28
UUUCAGAAGCCUUUGAAUC,42,46,1,52,41,38,29,5,2,3,259
CACGGGGACUCUUUGAAG,1,1,0,3,25,0,0,4,3,3,40
AAUGGUCACCUUGGGAUUG,18,5,1,16,4,14,6,0,0,0,64
GACUUCCCCUGGGGGUAGGG,2,3,3,41,28,9,27,28,2,19,162
GAUUCUCUUGCAAGCAAGCAA,0,0,24,1,0,0,1,0,0,0,26
GUCAGCAACCGUUUUGGGGCGCA,0,44,1,1,28,1,2,113,66,133,389
GAACAGCUCCUAUGAAUAU,3,32,2,15,21,0,3,202,36,143,457
AGGCUGUUUCCAGGACUUGAACCC,22,5,10,2,7,20,11,8,3,7,95
GUUCUUCGUUGCAGCAUCAU,172,92,47,112,54,178,84,4,4,5,752
CACUCUCGUAGUAGUUAGG,1,8,0,3,6,0,3,8,54,6,89
UGGAUGGCGGUCAUGUAAUAGGAU,15,5,6,3,2,5,12,1,0,4,53
UCCCAUAAUAUAAGAGCAUUU,13,11,0,1,4,27,10,0,1,0,67
ACUUUAGCUCAGGUGUUGCGA,5,10,2,5,4,4,4,0,0,0,34
GACCGCCAUCGCGCCGCUC,1,16,0,6,3,6,2,122,32,75,263
GAGGUGAAACCCAUAAGAUCUCGC,10,9,10,4,5,11,4,1,1,2,57
UGUUAUGAUUUGCUUCUCAUC,8,10,1,6,1,4,8,5,0,3,46
CUGCUUGGUCAUAUCAGUUGGACC,0,0,17,0,0,0,0,0,0,0,17
UUGAACCCUGAACAAUGAU,6,17,3,2,7,7,2,4,2,1,51
CAGAAGAUUUCAAAGGGUGAU,0,0,20,0,0,0,0,0,0,0,20
UGUGAGUGUCCCACGAUGA,1,15,0,5,0,4,10,0,0,0,35
AUUUGCUUCAAGCCUUUCGGAA,102,148,5,29,34,82,51,53,56,49,609
UUGCUGGAUCCCGCGUCG,6,31,1,18,0,15,18,0,0,0,89
UCCGUUCCUAAAUAUAAGUCU,20,54,3,3,10,34,14,4,5,3,150
GGUGAGUCAAGUUUCAGCU,2,1,0,5,4,1,0,1,11,0,25
CUUUUUGAUUAUUUCCCAU,22,35,6,14,17,19,24,8,1,6,152
CAAGAGGAUGAAGACAUGCAA,17,18,0,10,2,8,13,0,0,0,68
GACAGUUUGCGGCUCAGGU,40,42,6,52,29,34,34,45,25,11,318
GCCAUGCAUGUGUGGAUG,1,3,1,1,9,1,0,23,32,28,99
UUCGUCAACAAGAACUGAUG,20,45,15,19,4,28,19,0,0,1,151
UCUCUCCUGUAGAAAUAGGCACCG,10,6,2,1,6,10,10,2,4,2,53
AUGUAUUCACUAACUGGG,0,4,1,1,29,1,0,15,114,11,176
AACUUGUAGGGAGAGAAAU,20,22,12,17,37,30,16,16,4,5,179
AGCACUGGAUCUGGUGAGG,2,3,0,2,5,3,2,4,15,9,45
AGGUUCAGAUCGUGCCGCC,5,14,0,9,10,4,3,82,26,142,295
GACAAUCACUGGCUUUUGC,1,1,0,0,1,0,0,14,24,10,51
UGGACGAGGAUGUGCAACUGC,188,294,72,54,121,66,210,100,61,105,1271
UGGGUCAUCUAUUUUGAAACG,4,7,3,3,0,5,10,3,0,4,39
CGUGUCAUCCAUCAGGAUGGGUCU,15,21,11,8,28,22,14,16,1,11,147
UCAGGUGCUUUGAUAGGUG,81,36,13,49,19,60,55,2,1,2,318
GGCCUGUAGUAGGAAUCU,8,12,1,16,0,6,26,0,0,0,69
GGUAGUUGCUGGCACAGUU,7,22,4,4,0,1,1,0,0,0,39
CUGAGGUUGAUGUUUGGA,0,0,0,4,40,0,1,2,0,0,47
UUCAGGAUUUCCGGCGAUGCGCUU,14,6,0,0,3,7,12,1,1,3,47
AGGUCGUUCAACCAGCAAAAC,12,10,2,6,1,13,12,0,0,1,57
CUGAAGAUGUGUGCAGUUUU,126,49,5,38,4,42,32,1,1,0,298
CAUUCCAACAUGAGUUAUU,5,11,1,3,1,6,1,1,0,1,30
CUCUUCCUUCAGUACGAG,13,23,0,10,119,14,3,87,51,59,379
UUGGUUCUGGGAUGUUUGG,81,60,17,28,26,78,30,2,2,1,325
AGCUUCUGCUCUUCGUCGC,9,16,0,2,6,8,3,64,72,80,260
CUCAAAGGGGUUUUGUCAG,5,38,1,20,2,1,2,2,0,3,74
AACGAGCUAGUCAAGUAGAGGCAU,15,3,5,3,6,9,1,3,3,1,49
UGAUGGUGCUGAUAGUAGA,4,5,2,9,23,5,3,67,27,39,184
AGGUGACUUCUACAGAUAU,5,21,1,39,44,0,7,130,16,61,324
GAGAGCACAACGUAAUGUC,9,6,0,12,0,10,5,0,0,1,43
UCCCGUGGAGACAAGGAGUUC,0,0,14,0,0,0,0,0,0,0,14
GUACGAUCAAGAUCAGGGACUCAC,28,22,16,2,2,22,19,2,2,3,118
UUCAGUUUUCAAGUUAUGU,1,7,0,1,62,3,4,23,11,2,114
UUGUGAUACGUUGUGCUCC,20,9,2,23,0,11,8,0,1,0,74
AGUUUGAUCAGGGAAACUA,2,5,0,2,0,3,12,1,1,0,26
UGGGGAGUAUCAUAUACUAGUAUC,9,7,4,3,4,16,14,6,1,3,67
GUUGAUGUCUCUUCUGUCA,10,19,1,5,2,6,8,2,0,0,53
UCUAGCUGACGCAGUGUGA,0,9,0,0,26,1,1,11,92,17,157
AACAUGGUGUUGGUGCUGA,1,1,0,1,2,0,0,10,8,9,32
AAGAUAGAAUUCUCUCAAC,0,0,0,1,14,2,0,6,7,3,33
AAACCUUUGAAGGGAACAG,45,30,4,14,16,38,27,6,1,2,183
UGAUCGUCUCGAUGUGGCGC,3,8,2,10,1,10,3,5,2,2,46
